text,source,post_id,collected_at
"Game 7 Disappointments: Over the last 12 game 7s, 10 of them have been decided by double digits. Half have been decided by 20+. The average margin of victory has been 19.5.. **2022** Celtics defeat Bucks 109-81 Mavs defeat Suns 123-90 Celtics defeat Heat 100-96 **2023** Warriors defeat Kings 120 - 100 Celtics defeat Sixers 112-88 Heat defeat Celtics 102-84 **2024** Cavs defeat Magic 106-94 Pacers defeat Knicks 130-109 Wolves defeat Nuggets 98-90 **2025** Nuggets defeat Clippers 120-101 Warriors defeat Rockets 103-89 Thunder defeat Nuggets 125 - 93 Are the 2 best words in sports really ""Game 7""?",pullpush:submission,1kqat2p,2026-06-21T17:10:12.185076+00:00
"Drift bottle from Chinese internet. The Pacers and the Knicks is about to meet up in the Eastern finals again after thirty years, and tensions are building up on and off the court! Former stars of the Knicks gather up, which includes the leader of the 90's Knicks: ""Gorilla"" Patrick Ewing, and his old rivalry is obviously the Greatest Pacers of all time, Reggie Miller! As of the commentators, famous ESPN commentator Stephen A. Smith was 5 when the Knicks last won an NBA title, ladies and gentlemen, he's almost sixty years old now. And his matchup is one of TNT's ace commentators: Reggie~Miller! Furthermore, the Knicks have Spike Lee, who could possibly be one of the most famous basketball fan on Earth at this moment. Besides from being a movie director, he also directed AJ's basketball shoes commercials for plenty of times. And his mortal enemy, without a doubt, is the guy who did the ""Choke"" motion towards him on the court ---- Uh, Reggie Miller. Translated from ""Uploader"" (what Chinese call people who uploads on Bilibili) 知弦channel's Social post.",pullpush:submission,1kqa94r,2026-06-21T17:10:12.185803+00:00
"[SERIOUS NEXT DAY THREAD] Post-Game Discussion (May 18, 2025). Here is a place to have in depth, x's and o's, discussions on yesterday's games. Post-game discussions are linked in the table, keep your memes and reactions there. Please keep your discussion of a particular game in the respective comment thread. **All direct replies to this post will be removed.** |Away|Home|Score|GT|PGT| |:--|:--|:-:|:-:|:-:| |[](/DEN) Denver Nuggets |[](/OKC) Oklahoma City Thunder | 93 - 125 | [Link]( | [Link]( |",pullpush:submission,1kq9v5o,2026-06-21T17:10:12.185851+00:00
Western Conference Finals Matchup AI Art,pullpush:submission,1kq9v17,2026-06-21T17:10:12.185857+00:00
"Conference Finals Teams Starting Lineups Ranked by Net Rating. |Rank|Team|Lineup|Net rating|Minutes/game together|PIE| |:-|:-|:-|:-|:-|:-| |1 |Indiana|Turner-Siakam-Nembhard-Haliburton-Nesmith|\+22.1|16.4|62.2| |2 |Minnesota|Conley-Gobert-Randle-Edwards-McDaniels|\+19.1|13.0|60.3| |3 |Thunder|iHart-SGA-Dort-Chet-JDub|\+3.9|12.18|52.9| |4 |NYK|Towns-Anunoby-Hart-Bridges-Brunson|\-4.7|22.2|48.6| **Supplemental facts &amp; opinions:** * Indiana and OKC had the two most efficient starting lineups during the regular season. OKC's starting lineup has fallen off a bit, while Indiana's has risen. * The Nuggets' hobbled starting 5 was much more efficient than that of OKC at +11.3, but they just got fucked by their lack of depth. * Knicks' starting lineup negative net rating passes the eye test for me. Lots of obvious rotations that Thibs doesn't go to enough. Knicks could be very dangerous if they ever figure out how to get their rotations straight. Brunson is great but he's so ball dominant that other guys in the starting lineup aren't fully maximized, all while Brunson gets exhausted.",pullpush:submission,1kq96da,2026-06-21T17:10:12.185905+00:00
"What Is going on with defense in NBA? Should we accept the narrative of playoff defense?. I am following this NBA playoff and I have the feeling that defense is not clean often. What I don't like about It Is the feeling of a lack of consistency moreover I do belive that this discretionality Is a perfect space to influence games outcome in a way that makes me appreciate less the games. Ambiguity should be reduce as possible as much as possible but I have the feeling that this Is not what the league wants that or Is taking enough effort to do It. NBA officiating is crucial to have a good product, they should be a focus for the league to improve the execution. Is anybody sharing the same feeling?",pullpush:submission,1kq8zyg,2026-06-21T17:10:12.185943+00:00
"Playoff history: Thunder - Timberwolves. Games record*: OKC leads 3-2 Series record*: OKC leada 1-0 *Including Seattle Last meeting: 1998 1st round - SEA won 3-2 Leading scorers: Gary Payton (SEA, 26.0), Anthony Peeler (MIN, 16.2), Hersey Hawkins (SEA, 15.8), Kevin Garnett (MIN, 15.8), Terry Porter (MIN, 15.8) The #2 Sonics advanced to the WCSF and were eliminated in 5 games to young Shaq and sophomore Kobe's Lakers. The Thunder will now try to advance to their 1st finals appearance since 2012, but in their way will be Anthony Edwards and the Timberwolves who will try to make up for last year and advance to their 1st ever finals berth. Who ya got?",pullpush:submission,1kq8bev,2026-06-21T17:10:12.185980+00:00
Smart Wireless Earbuds with 60H Playtime & LED Display Charging Case,pullpush:submission,1kq89kt,2026-06-21T17:10:12.186042+00:00
"Championship droughts across the NBA, NHL, NFL, and MLB for New York, Indianapolis, Minneapolis/St. Paul, and Oklahoma City (+Seattle). ### 🏆 Championship Droughts – NBA / NFL / MLB / NHL *(Seasons without a title, through 2024‑25)* | City (Metro) | NBA | NFL | MLB | NHL | ⬆️ Longest Active Drought | |------------------|--------------------|-------------------------|-------------------------|------------------------|----------------------------| | New York | **52 yrs** – Knicks (1973) | **56 yrs** – Jets (1968*) | 39 yrs – Mets (1986) | 42 yrs – Islanders (1983) | **Jets – 56 yrs** | | Indianapolis | **49 yrs** – Pacers (never, since 1976) | 19 yrs – Colts (2006) | — | — | **Pacers – 49 yrs** | | Minneapolis–St Paul | **36 yrs** – Timberwolves (never, since 1989) | **64 yrs** – Vikings (never, since 1961) | 34 yrs – Twins (1991) | 25 yrs – Wild (never, since 2000) | **Vikings – 64 yrs** | | Seattle / OKC | **46 yrs** – Thunder / Sonics (1979) | 12 yrs – Seahawks (2013) | **48 yrs** – Mariners (never, since 1977) | 4 yrs – Kraken (never, since 2021) | **Mariners – 48 yrs** | \*Jets won Super Bowl III (1968 season, Jan 1969 game). All counts include the 2024‑25 seasons currently in progress. Based on this, who needs to win the most ? :)",pullpush:submission,1kq80bg,2026-06-21T17:10:12.186151+00:00
Why did Steph Curry have the injury prone label early in his career?,pullpush:submission,1kq7ljk,2026-06-21T17:10:12.186159+00:00
"Can Jalen Brunson be the ""face of the NBA"" if Knicks win a championship?. With the careers of LeBron, Steph and KD being in the twilight zone already, there's a lot of talks about the next face of the league. As far as I gathered from the broadcasters like Stephen A., Windy, Uncle Shannon in 5 ^years^in^prison, Nick Wright, Colin Coward, Broussard, etc., these are the rules to be the next face of the NBA: 1. You have to be American 2. You have to win a championship 3. You have to be not named Jayson Tatum All signs are leading to them simply preparing the chair for Anthony Edwards. All indication is it's him for the taking. However, what if the Knicks win it and Brunson is averaging near 30 a game and is clutch. I think it's hard to dispute that. Haliburton also has a say in that, but I think the Pacers has a more balanced attack. Whereas Brunson will have a good game 4-5 times out of 6 in a series. And of course New York is the biggest market and him doing it in a legendary arena in MSG under a legendary owner,.the rockstar, multi-platinum, Grammy deserving James Dolan, that's big time spotlight Brunson if he can deliver a championship to a franchise that's been thirsty for 52 years. That's over half a century. Do you think Brunson can be the face of the league after being a hero for NY basketball?",pullpush:submission,1kq7fa3,2026-06-21T17:10:12.186242+00:00
"Knicks vs Timberwolves - Finals Prediction. When the playoffs started, I had a hunch on who might meet in the finals that would make an interesting narrative. Knick vs Timberwolves. Two teams who at the start of the season technically swapped players. Question is which one really won that deal? As soon as these two reached their respective conference finals, it somehow solidifies my hunch on what finals would look like. What do you think?",pullpush:submission,1kq7eu8,2026-06-21T17:10:12.186266+00:00
[Gil's Arena] Danny Green explains how Kawhi Leonard reconstructed his shot,pullpush:submission,1kq73rb,2026-06-21T17:10:12.186272+00:00
"Is Aaron Gordon right, should there be more rest between playoff games?. His suggestion was at least 2 days off in between games. Personally I agree, I think you’d get better quality games, less injuries and overall better product. The way it is now it rewards the deepest stacked teams like OKC, Celtics, ect because they can cycle through more bench guys This causes the teams who don’t have that option to play their starters even more minutes, like how JJ did with the Lakers playing the entire second half. They only had 1 dat off and the next game was also an afternoon one. A game later both Lebron and Luka got injured, coincidence or a product of the short time off and minutes played?",pullpush:submission,1kq6x0m,2026-06-21T17:10:12.186314+00:00
[Bobby Marks] Christian Braun extension number will be at least $30M per year,pullpush:submission,1kq68ms,2026-06-21T17:10:12.186324+00:00
"Is it generally agreed that Jokic passes too much?. Jokic's turnovers through the playoffs are well known and used to slander him. However there could be some truth that he is perhaps too pass happy and not an aggressive enough scorer. Especially with his current supporting cast where there isn't any all star level players. Does Jokic need to attempt more shots to elevate Denver? That said, the Nuggets won loss record is absolutely atrocious on his high scoring game so there may not be an answer other than maybe he gets to play with an All Star level talent in his prime one day.",pullpush:submission,1kq65lt,2026-06-21T17:10:12.186355+00:00
Warriors fans crying like this when Draymond green is in there team is wild,pullpush:submission,1kq61df,2026-06-21T17:10:12.186361+00:00
[Trae Young] Hot take but not.. OKC fans are louder than Knick fans. Happy Sunday!,pullpush:submission,1kq5txs,2026-06-21T17:10:12.186372+00:00
i am going to start watching nba suggest me a team,pullpush:submission,1kq5660,2026-06-21T17:10:12.186383+00:00
SARS-CoV-2 virus finally gained the ability to spread rapidly between humans,pullpush:submission,1kq5606,2026-06-21T17:10:12.186389+00:00
[Bobby Marks] Christian Braun extension number will be at least 30M per,pullpush:submission,1kq4uyp,2026-06-21T17:10:12.186396+00:00
"Russell Westbrook from 2009 to 2014 won 8 playoff series, but from 2015 to 2025 hes only won 4 series in that span",pullpush:submission,1kq4qku,2026-06-21T17:10:12.186405+00:00
"Why the NBA WILL NEVER reduce the season from 82 games. Give me a reason why?. Reddit Post Body: There’s always debate about reducing the NBA regular season—“make it 56 games,” “every game would matter more,” “less injuries,” etc. It sounds great. But it’s functionally impossible. Here’s why: 1. The CBA Makes It Nearly Impossible The Collective Bargaining Agreement (CBA) ties league revenue directly to player salaries through Basketball Related Income (BRI). Players are guaranteed around 50% of all BRI. So unless team revenues drop, players still expect that full 50%. Now here’s the math problem: • NBA season = 82 games • Proposal = 56 games (a 32% reduction in games) 2. Players Won’t Take a 32% Pay Cut Let’s say a player makes $20 million over 82 games. That’s about $243,902 per game. If we drop to 56 games, keeping the same per-game pay means the player still makes $13.66 million — a loss of $6.34 million. Multiply that across the league and you’re talking about billions in lost player compensation. Not happening. 3. Teams & Owners Won’t Eat That Either Teams generate revenue through tickets, concessions, sponsorships, and local TV contracts, all based on 82 games. Less games = less revenue unless prices go up. 4. Fans Won’t Pay More for Less To keep revenue constant while cutting 26 games, ticket prices would need to increase by ~46%. Here’s the math: 82 games of revenue ÷ 56 games = 1.464x per-game revenue required. Are fans going to pay $146 for a seat that used to be $100? Maybe in a few markets. But not league-wide. 5. Conclusion The math, the CBA, and economic incentives don’t line up. • Owners won’t pay players the same for fewer games. • Players won’t take 30-40% pay cuts. • Fans won’t pay 40-50% more per ticket. Until BRI is restructured, or some wild new revenue stream appears (hello, global streaming deals?), a reduced NBA season is just fantasy",pullpush:submission,1kq4nhu,2026-06-21T17:10:12.186486+00:00
[DISCUSSION] Not enough is made of the FACT that this would be the first time in 12 years (since 2013) when the regular season MVP also wins finals MVP,pullpush:submission,1kq4k1e,2026-06-21T17:10:12.186504+00:00
"Why the WCF starts before the ECF?. I just checked the schedule and I noticed that MIN vs OKC will begin Tuesday, giving OKC only one day of rest. In the meantime, eastern teams last played on Friday and their conference finals will begin Wednesday, giving NYK 4 days of rest. It would have made much more sense to swap the days and begin with the ECF, what happened?",pullpush:submission,1kq42xi,2026-06-21T17:10:12.186522+00:00
"Remove Scott Foster from the NBA, Please Help and Sign this petition",pullpush:submission,1kq42m0,2026-06-21T17:10:12.186527+00:00
"So, is hand checking legal now?. Just finished watching OKC/DEN and I am left with one question, is hand checking legal now? I was not rooting for either team going in, was just stoked for this game because the series has been awesome. It was obvious to me that OKC fouled the ball handler on almost every possession. I thought maybe I didn’t understand the definition of hand checking so I looked it up, and “Hand checking in the NBA refers to a defensive tactic where a defender uses one or both hands to impede the movement of an offensive player” and that perfectly describes OKC on almost every DEN possession tonight. The game was unwatchable. I had to turn it off in the 4th quarter.",pullpush:submission,1kq42eg,2026-06-21T17:10:12.186556+00:00
What’s your favorite memory of where you were when a NBA trade happened,pullpush:submission,1kq3z87,2026-06-21T17:10:12.186562+00:00
"[Highlights] All the possessions in the 2nd quarter of game 7 - Oklahoma City Thunder vs. Denver Nuggets, Western Semifinals, 2025 NBA Playoffs.",pullpush:submission,1kq3yl2,2026-06-21T17:10:12.186570+00:00
Should the Nuggets trade Murray for Giannis ?. I think a Giannis and Jokic paring is brilliant. It would be like when the Spurs had Robinson and Duncan or the Lakers having Shaq and Malone but with a healthy Malone. Both in their prime. And Murray offers the Bucks the best value they could get for him.,pullpush:submission,1kq3xa4,2026-06-21T17:10:12.186583+00:00
Any issue with the softened whistle on the carry? Screenshot from SGA’s instagram,pullpush:submission,1kq3pqa,2026-06-21T17:10:12.186591+00:00
"An assist should be credited when the teammate makes the field goal in two or less dribbles.. That way it would be simple and objective. Yeah, maybe sometimes the pass has nothing to do with the field goal. But it get way too complicated counting it any other way. Guy passes to teammate, if teammate scores in two or less dribbles, it's an assists. Objective, not complicated, easy to count. No one can argue about it.",pullpush:submission,1kq3jxm,2026-06-21T17:10:12.186608+00:00
Do all players involved in a sign and trade need to be free agents?. I’ve been running down options for teams this upcoming season and just curious how sign and trades work. For example: Could GS sign and trade kuminga for someone currently on a contract like Vucevic?,pullpush:submission,1kq3hx8,2026-06-21T17:10:12.186621+00:00
Do all players involved in a sign and trade need to be free agents?,pullpush:submission,1kq3fxn,2026-06-21T17:10:12.186626+00:00
"Who is the better passer, MJ or Harden?. Harden is considered to be an all time great passer and playmaker. MJ averaged 11 assists in an NBA finals series and averaged 8 assist per game in one of his regular seasons.",pullpush:submission,1kq3dy6,2026-06-21T17:10:12.186802+00:00
"Was SGA laughing after the game 3 loss one of the most coldest moments in NBA history?. After losing game 3, SGA proceeded to laugh as if he knew he would end the Nuggets life in game 7 ( Was that one of the most coldest moments in NBA history and did it add an insane amount of aura points to SGA's legacy?",pullpush:submission,1kq38sb,2026-06-21T17:10:12.186818+00:00
"Who will be the last team to win the NBA?. For the most part, we can only speculate. Some teams are closer than others—Minnesota and Indiana, for example—given their chances this year and likely in the seasons to come. But looking beyond the next six years? That’s anyone’s guess. Ignoring specific players and teams, the odds of being the last championship-less franchise will only get tougher. Right now, it’s a 1-in-3 situation, but as the list narrows, the final team will face a daunting 1-in-30 scenario. If the league maintains its current format for the next century, there’s no guarantee every team will win a title. Expansion could shake things up—maybe two new franchises join the mix—but in our lifetimes, it’s unlikely we’ll see every team crowned. So the real question is… **who will be the last team standing?**",pullpush:submission,1kq38jm,2026-06-21T17:10:12.186849+00:00
"Just dropped this “School’s Out For Summer” tee – retro beach vibes, perfect timing 😎",pullpush:submission,1kq2yrm,2026-06-21T17:10:12.186857+00:00
"Nikola Jokic has gone the first 839 games of his career without having a teammate who was an All-Star, All-NBA or All-Defensive player that season. Of the ~5000 players in NBA history, he’s the only one to go his first 700+ career games without such a teammate. Insane",pullpush:submission,1kq2xe7,2026-06-21T17:10:12.186871+00:00
"2015 Warriors vs 2025 Thunder. Basically the title. Who would you take? Similar records. Both 3rd best defensive rating, and 1st offensive rating. Main player getting MVP (SGA is winning it 🤷‍♂️). This Thunder team not only share the build trough draft but also has that ""Strength in number"" vibe. Will they will win it all? We will see. If they do win this year, they prob can do a Durant to Warriors move in the future too (using the draft picks they got).",pullpush:submission,1kq2vtd,2026-06-21T17:10:12.186894+00:00
"If either SGA, Tyrese Haliburton, or Ant wins a title this year, does that make them the GOAT of their respective franchises?. These three teams have never won a championship. If one of them does... Does SGA surpass KD and Russ? Does Hali surpass Reggie Miller? Does Ant surpass KG? If the Knicks win a championship, I'm not so sure if Jalen Brunson surpasses guys like Clyde Frazier, Willis Reed, Melo, or Patrick Ewing as the franchise GOAT since the Knicks have already won a title anyway.",pullpush:submission,1kq2vk8,2026-06-21T17:10:12.186912+00:00
"I know Kobe probably did this to a lesser extent but why don't NBA teams study referee behaviors to see how they call games, like a scouting report but for referees.. If there are scouting reports for players maybe there should be for referees as well? Shouldn't teams have a group of behavioral psychologists working behind the bench to study the patterns and tendencies of how a particular referee would call games? If a coach knew how Scott Foster or Tony Brothers would call a game based on what they call during the first quarter then he could probably adjust the teams defense for the remainder of the game.",pullpush:submission,1kq2tb7,2026-06-21T17:10:12.186932+00:00
"[Highlights] All the possessions in the 3rd quarter of game 7 - Oklahoma City Thunder vs. Denver Nuggets, Western Semifinals, 2025 NBA Playoffs. OKC won the quarter 37-26",pullpush:submission,1kq2qdm,2026-06-21T17:10:12.186940+00:00
rondo was the goat and you cant tell me otherwise,pullpush:submission,1kq2mtb,2026-06-21T17:10:12.186945+00:00
"Remaining Teams by Salary. T-Wolves : 237,156,897 (1st in league) OKC: 165,034,408 (26th in league) Pacers: 171,032,577 (21st in league) Knicks: 188,877,651 (9th in league) OKC can hold on to this core for a while, and they got cap space. Pacers will probably have to pay Turner. Knicks have their starting line up locked for the next 3 years. Naz has his PO next year, which I think hes gonna wanna cash that check, Minnie is maxed out on salary, which is insane to think, Rudy is mad paid.",pullpush:submission,1kq2faw,2026-06-21T17:10:12.186964+00:00
Bill Simmons and Ryen Russilo discuss a Giannis for Evan Mobley straight up trade and agree it's fair and both teams would agree,pullpush:submission,1kq2c4v,2026-06-21T17:10:12.186971+00:00
[Highlight] Nikola Jokic splashes the 3-pointer near the end of the 3rd quarter. That was his only field goal attempt in the 2nd half.,pullpush:submission,1kq272r,2026-06-21T17:10:12.186978+00:00
Random fun fact regarding teams that remain,pullpush:submission,1kq23fs,2026-06-21T17:10:12.186983+00:00
Did anyone else collect these NBA logo stickers in the 90’s?,pullpush:submission,1kq1s5z,2026-06-21T17:10:12.186990+00:00
"[Scotto] The Sacramento Kings have added Bobby Jackson as an assistant coach to Doug Christie’s staff, agent Andy Miller of Klutch Sports told @hoopshype Jackson played six of his 12 NBA seasons in Sacramento, including five as Christie’s teammate, and was a Kings assistant coach twice.",pullpush:submission,1kq1kkb,2026-06-21T17:10:12.187003+00:00
Yankee stadium showered KAT wirh cheers and applause as they showed him on the jumbotron,pullpush:submission,1kq1cx7,2026-06-21T17:10:12.187011+00:00
What’s better; posterizing dunk or game winner buzzer beater shot?. I am only asking this question because the debate at the barbershop got really out of hand and I thought to myself: ‘What would the experts over at Reddit think? So… let me know. What feels better as a ball player; posterizing somebody or drilling a game winning buzzer beater three(or two) point shot?,pullpush:submission,1kq19el,2026-06-21T17:10:12.187027+00:00
"NBA title favorites according to ESPN BPI: 1. Thunder (62.9%), 2. Pacers (16.8%), 3. Knicks (12.9%), 4. Timberwolves (7.3%). The Thunder also have an 81.9% chance to reach the finals, followed by the Pacers (53.1%), Knicks (46.9%), and Timberwolves (18.1%) [Source: NBA Basketball Power Index 2024-25](",pullpush:submission,1kq18pr,2026-06-21T17:10:12.187040+00:00
What is better; posterizing dunk or game winner buzzer beater?,pullpush:submission,1kq17xl,2026-06-21T17:10:12.187044+00:00
"[Stein]The Bucks, league sources say, remain hopeful Giannis Antetokounmpo will decide against asking to be dealt after a third successive first-round playoff exit and choose instead to extend a career that has spanned 12 seasons as a Buck to date.. >The Bucks, league sources say, remain hopeful Giannis Antetokounmpo will decide against asking to be dealt after a third successive first-round playoff exit and choose instead to extend a career that has spanned 12 seasons as a Buck to date. Anticipation around the league regarding Antetokounmpo’s availability via trade, meanwhile, continues to bubble based on the belief that it is only a matter of time before the 30-year-old finally concedes that a contender can no longer be built around him in Brewtown and that what Milwaukee is feeling is false hope.",pullpush:submission,1kq13gw,2026-06-21T17:10:12.187089+00:00
"[Stein]The Bucks, league sources say, remain hopeful Giannis Antetokounmpo will decide against asking to be dealt after a third successive first-round playoff exit and choose instead to extend a career that has spanned 12 seasons as a Buck to date",pullpush:submission,1kq1261,2026-06-21T17:10:12.187099+00:00
"Nikola Jokic 2025 NBA Playoffs stats (14 games) - 26.2 PPG on 48.9/38.0/77.2 splits, 12.7 Rebounds, 8.0 Assists (3.9 TOV), 2.0 Steals, 0.9 Blocks, and a +/- of -8 in 40.2 minutes played. [Source]( Full traditional stat: Nikola Jokic 2025 NBA Playoffs stats (14 games): 26.2 PPG on 48.9% FG (19.1 FGA), 38.0% 3PT (5.1 3PA), 77.2% FT (7.2 FTA), 12.7 Rebounds (2.1 Off. Rebs), 8.0 Assists (3.9 TOV), 2.0 Steals, 0.9 Blocks, 3.4 PF, and a +/- of -8 in 40.2 minutes played. 11 double-double 3 triple-double In the series against the Clippers (7 GP): 24.0 PPG on 50% FG (18.3 FGA), 45.2% 3PT (4.4 3PA), 70.3% FT (5.3 FTA), 11.6 Rebounds (1.6 Off. Rebs) 10.1 Assists (3.4 TOV), 2.3 Steals, 0.9 Blocks, 2.9 PF, and a +/- of +4.1 in 40.0 minutes played In the series against OKC (7 GP): 28.4 PPG on 47.9% FG (20.0 FGA), 32.5% 3PT (5.7 3PA), 81.3% FT (9.1 FTA), 13.9 Rebounds (2.6 Off Rebs), 5.9 Assists (4.4 TOV), 1.7 Steals, 0.9 Blocks, 4.0 PF, and a +/- of -5.7 in 40.4 minutes played. 5 Double-Double 2024-25 regular-season stats (70 GP): 29.6 PPG on 57.6% FG (19.5 FGA), 41.7% 3PT (4.7 3PA), 80.0% FT (6.4 FTA), 12.7 Rebounds (2.9 Off. Rebs), 10.2 Assists (3.3 TOV), 1.8 Steals, 0.6 Blocks, 2.3 PF, and a +/- of +8.5 in 36.7 minutes played 59 Double-Double 34 Triple-Double",pullpush:submission,1kq10yo,2026-06-21T17:10:12.187140+00:00
"How competitive would expansion franchises be in this era of the NBA?. Most sources are saying that the most likely timeline for expansion franchises in Seattle and Vegas to begin play would be 2027-28. Given that this current era of the NBA has been defined by parity and the lack of super teams, how would expansion franchises do in this era? The majority of NBA expansion franchises have started off horrifically, is there any reason to believe hypothetical Vegas/Seattle franchises would be different in this era? Bonus question: what roster building strategy could an expansion franchise take to ensure that they would be competitive immediately?",pullpush:submission,1kq0zlt,2026-06-21T17:10:12.187162+00:00
"For each of the 2019-2024 champs, not one of them has made it back to the conference finals after winning their ring, except for the lakers (2023). Also warriors and Celtics are the only teams since 2019 to have more than one finals appearance. (2 each)",pullpush:submission,1kq0z56,2026-06-21T17:10:12.187174+00:00
"Free Throws Attempted in the 2025 Western Conference Semifinals: Shai Gilgeous-Alexander 63, Nikola Jokic 64. SGA: Game 1: 7/9 FTs Game 2: 11/11 FTs Game 3: 3/5 FTs Game 4: 9/12 FTs Game 5: 6/6 FTs Game 6: 8/11 FTs Game 7: 8/9 FTs Jokic: Game 1: 10/13 FTs Game 2: 3/5 FTs Game 3: 4/4 FTs Game 4: 11/14 FTs Game 5: 5/5 FTs Game 6: 10/12 FTs Game 7: 9/11 FTS",pullpush:submission,1kq0yoy,2026-06-21T17:10:12.187188+00:00
"Time for a change in the NBA Schedule. 1. 70-Game Season Starting December 1 Start the season December 1. Make Christmas Day the official league launch. Cutting 12 games improves player health, game quality, and keeps stars on the floor. 2. Designated Viewing Nights, Like College Football Move away from daily games. Focus on high-impact nights: • Monday: Rivalry Night • Wednesday: National TV Matchups • Friday: West Coast After Dark • Saturday: All-Day Showcase • Sunday: Playoff Implications NBA should be able to flex for the week similar to the NFL for the Sunday night game. 3. MLK Day = Full-League Celebration All 30 teams play. All games during the day. Tie in civil rights tributes, historic uniforms, and local storytelling. 4. NBA Cup Week – Final Week of January Top 8 teams compete in a best-of-3 FIBA-style tournament overseas. New rules, global spotlight, full-week event. Owners benefit through international media rights, sponsors, and market exposure — replacing lost revenue from a shorter regular season. All other teams get a true bye week. 5. All-Star Weekend Before March Madness Hold it the weekend before the NCAA Tournament tips off. Then shut down until the Monday after March Madness’ opening weekend. Players rest, fans recharge, anticipation builds. 6. Playoffs Start Memorial Day Weekend Launch postseason on a national holiday. Big window. Big audience. 7. NBA Finals Wrap Late July No NFL. No college. Just NBA. Take over the summer.",pullpush:submission,1kq0y3i,2026-06-21T17:10:12.187238+00:00
If Shai wins MVP Final mvp and championship is he the best player in the world?,pullpush:submission,1kq0x1w,2026-06-21T17:10:12.187320+00:00
"The Thunder open as -375 favourites in the series against the Wolves.. We all knew the Thunder would be favored, but seems a bit too much lol. They are also 7.5 point favourites in game 1, how do you think the Wolves and Thunder match up?",pullpush:submission,1kq0waa,2026-06-21T17:10:12.187330+00:00
"No Lakers, No Warriors, No Lebron, No Steph, No Returning Defending Champion, No ""Star"" Player/s. It's anyone's game.. I'm a neutral NBA watcher (just checking highlights and checking whatever happens from time to time) Though when it comes to the playoffs, I'm always checking the brackets to see which team is there and which one is currently winning. But this time I'm very interested because it's teams we have never seen this close to the finals in a very long time. And as I said, *No Lakers, No Warriors, No Lebron, No Steph, No Returning Defending Champion, No ""Star"" Player/s. It's anyone's game.* I've always wanted to see a team that has never won a championship. ***(Pacers and Timberwolves)*** Though I don't mind those who haven't had one in years ***(Knicks, previous championship was 1973, then Thunder (was Super Sonics), previous championship was 1979)***",pullpush:submission,1kq0vrv,2026-06-21T17:10:12.187358+00:00
The Thunder open as -330 favourites in the series against the Wolves.,pullpush:submission,1kq0v3j,2026-06-21T17:10:12.187363+00:00
Is there any theory on why Jokic and the Nuggets play in so many game 7s?. It's well known that the Nuggets have played in many game 7s. Jokic I'm pretty sure has played in more game 7s than any other player in the same amount of time of his career. Is this just luck? Or is there a particular reason for this?,pullpush:submission,1kq0u5x,2026-06-21T17:10:12.187532+00:00
Vince Carter dunk with key Glock music 🔥🔥🔥🔥,pullpush:submission,1kq0rv8,2026-06-21T17:10:12.187538+00:00
"I’m so damn proud of Aaron Gordon. I remember those Orlando years and the pressure of being the number one was too much for him, but to see him get a chance to compete and take it so seriously, altering his game and playing his heart out every playoff series, it makes me have hope for every lottery player who disappoints initially because sometimes it’s just too much expectation similar to Wiggins when he helped the warriors win that chip. Shout out to A. Gordon, the leader of the corner boys, a true dunker spot soldier🫡",pullpush:submission,1kq0lyt,2026-06-21T17:10:12.187561+00:00
Shai via IG: “They thought I was whyling when I was smiling”,pullpush:submission,1kq0jhg,2026-06-21T17:10:12.187567+00:00
"Jokic is the inverse of Rudy Gobert. Jokic is one of the greatest offensive players of this era and maybe of all time. As a Center, he bends the offensive halfcourt with his incredible touch around the rim, his masterful passing and diverse post game. On defense, he is decent in space and but provides minimal rim protection as a Center. Having him on your team guarantees you a Top 10 offense, and limits your defensive ceiling. Rudy Gobert is one of the greatest defensive players of this era and maybe of all time. He is not great in space but provides all time great rim protection. On offense, he has some of the worst hands of any active player, constantly fumbling the ball. He has terrible touch at the rim and is on offense the worst 7 foot post players you will ever see in your life. Having him on your team guarantees you a Top 10 defense and limits your offensive ceiling. Jokic has 3 MVPs Rudy has 4 DPOY Obviously I’m not trying to say these players have similar value. Just an observation of their juxtaposition as elite one way players that have underperformed in the playoffs. With Rudy having his best chance at a Championship this year, it’s possible these two will have had comporable success in this era (strictly based on how their 1 way impact contributes to win %). Is it possible Jokic is overrated, Rudy is underrated or both?",pullpush:submission,1kq0cjy,2026-06-21T17:10:12.187622+00:00
"The Playoffs are 🔥 this year. I mean compared to what was last year’s playoffs, we will definitely have a banger this year. As NBA fans, we gotta agree the Knicks-Pacers series will be good. And the Thunder-Wolves series as well. Personally, I would love Knicks-Wolves, but its leaning towards Thunder-Knicks. So as NBA fans, lets just agree this year will be one of the best playoffs of the decade.",pullpush:submission,1kq0cew,2026-06-21T17:10:12.187640+00:00
"Nikola Jokic in the second half of game 7: 3 points on 1/1 FG, 3 rebounds, 4 assists, 2 turnovers, -17 plus/minus. It was a 14 point game at halftime and Jokic completely disappeared, taking only 1 shot the rest of the game",pullpush:submission,1kq0c8z,2026-06-21T17:10:12.187653+00:00
"Nikola Jokic in the second half of game 7: 3 points on 1/1 FG%, 3 rebounds, 4 assists, 2 turnovers, -17 plus/minus. It was a 14 point game at half, and Jokic completely disappeared",pullpush:submission,1kq0aji,2026-06-21T17:10:12.187663+00:00
Whose individual performance are you most looking forward to watching in this conference finals?. Is it SGA with his smooth moves and guaranteed midrange buckets? Maybe Anthony Edwards with his high flying rim finishes? Or Tyrese Haliburton with clutch swish after clutch swish to bring his team back from a deficit? Could it be Jalen Brunson and his bag of tricks to get past or shoot over defenders? Which individual player are you most excited to watch come through for his team and bring them to the finals?,pullpush:submission,1kq09v1,2026-06-21T17:10:12.187680+00:00
"Was this Westbrook's last chance for glory?. Where do you think he'll play next year? I know he is a divisive figure but, in my opinion, he does deserve a ring.",pullpush:submission,1kq0603,2026-06-21T17:10:12.187689+00:00
"2025 West finals is the first West finals since 1996 where neither team is a California team or a Texas team.. Since 1980, there have been only five West finals where neither team was neither a California team or a Texas team. 1990: Portland Trailblazers defeat Phoenix Suns in 6 to earn their first Finals appearance since 1977. 1992: Portland Trailblazers defeat Utah Jazz in 6. 1993: Phoenix Suns defeat Seattle Supersonics in 6 to earn their first Finals appearance since 1976. 1996: Seattle Supersonics defeat Utah Jazz in 7 to earn their first Finals appearance since 1979. 2025: Oklahoma City vs. Minnesota Timberwolves From 1980-2024, there have been only 9 West champions that were not a California team or a Texas team. 1990, 1992: Portland Trailblazers 1993, 2021: Phoenix Suns 1996: Seattle Supersonics 1997, 1998: Utah Jazz 2012: Oklahoma City Thunder 2023: Denver Nuggets Of these 9 West champions, 2023 Denver Nuggets were the only one to win the NBA Championship.",pullpush:submission,1kq04yc,2026-06-21T17:10:12.187718+00:00
[Murray] Thunder had 74 steals in this series. That's the most in a NBA series in the last 30 years of NBA postseason.,pullpush:submission,1kpzx59,2026-06-21T17:10:12.187725+00:00
"Last Conference Finals Appearance as of Today. Current teams 2025 - Oklahoma City Thunder, Minnesota Timberwolves, New York Knicks, Indiana Pacers 2024 - Dallas Mavericks, Boston Celtics 2023 - Denver Nuggets, Los Angeles Lakers, Miami Heat 2022 - Golden State Warriors 2021 - Phoenix Suns, Los Angeles Clippers, Milwaukee Bucks, Atlanta Hawks 2019 - Portland Trailblazers, Toronto Raptors 2018 - Houston Rockets, Cleveland Cavaliers 2017 - San Antonio Spurs 2013 - Memphis Grizzlies 2011 - Chicago Bulls 2010 - Orlando Magic 2008 - Detroit Pistons 2007 - Utah Jazz 2002 - Sacramento Kings 2001 - Philadelphia 76ers Never - Charlotte Hornets, New Orleans Pelicans Former teams 2003 - New Jersey Nets (now Brooklyn Nets) 1979 - Washington Bullets (now Washington Wizards)",pullpush:submission,1kpzwyu,2026-06-21T17:10:12.187749+00:00
"I made a podcast episode on the KD/Russ/Harden OKC breakup—featuring cupcake chants, Peyton Manning, and Barkley calling him a bus rider. Thoughts?",pullpush:submission,1kpzwbs,2026-06-21T17:10:15.973802+00:00
"In 21st century, there are only two seasons where the west only have two 50-win teams: 2022-2023 season and 2017-2018 season. However in 2017-2018 season, 46 wins will get you 9th seed, while in 2022-2023 season that will get you 4th seed.. Is 2022-2023 season the worst west field in this century? That seasons record: 1. Nuggets 53-29 2. Grizzlies 51-31 3. Kings 48-34 4. Suns 45-37 5. Clippers 44-38 6. Warriors 44-38 7. Lakers 43-39 8. Timberwolves 42-40 Source: [",pullpush:submission,1kpzu5g,2026-06-21T17:10:15.973864+00:00
Jokic attempted more FT this series than SGA,pullpush:submission,1kpzmro,2026-06-21T17:10:15.973875+00:00
"The Thunder-Nuggets series had the second largest point differential between 2 teams in a 7-game series ever, (OKC: +64) behind only Boston vs. Atlanta in 2008 (BOS: +84). Game 1: OKC -2 Game 2: OKC +43 Game 3: OKC -9 Game 4: OKC +5 Game 5: OKC +7 Game 6: OKC -12 Game 7: OKC +32 Total: OKC +64 This trails only Boston in 2008 who played the Hawks in the First Round in a series that somehow went 7 games. Those Celtics went on to win the championship. Source: [Stathead](",pullpush:submission,1kpzlyw,2026-06-21T17:10:15.973926+00:00
"Is it crazy to say Jokic is the worst player to have the “Best In the World” title in modern NBA history?. After a very mixed bag playoff run I still have Jokic as BITW, but he’s closer to Giannis or Luka right now with all of them being a level below guys like LeBron, Kobe, Steph, Durant, Tim Duncan, Shaq, Jordan, Hakeem, Magic and Bird when they were at their best. That’s okay though honestly, because along with it being only temporary, the league being in a slight low point in upper end talent and its highest point in low end talent has created for some very competitive, open, and entertaining ball throughout the league, especially in these playoffs. Also the guy is still a legend regardless of how he compares to other BITW guys so maybe this post is kinda pointless but fuck it.",pullpush:submission,1kpzlsu,2026-06-21T17:10:15.974013+00:00
Where does Jokics season rate all time from a statistical standpoint?. 2nd best player efficiency rating all time First player ever with 30/20/20 game 4th most triple doubles in league history Finished season averaging a triple double 3rd in scoring pg 2nd in assists pg 3rd in rebounds pg 1st in steals pg No player ever has finished top 10 in 3 categories of scoring/assists/rebounds/steals,pullpush:submission,1kpzij9,2026-06-21T17:10:15.974053+00:00
"[Vinny Benedetto] Tried to get Russell Westbrook in the locker room to see he had made a decision on his player option for next season. He looked at his watch and asked what I was wearing tomorrow. When I said I didn’t know, he said “exactly” and walked off. Nuggets aren’t doing exit interviews.. [Source]( \- vie Blue Sky Vinny Benedetto is the Denver Nuggets beat writer for the Denver Gazette. In short: Reporter to Westbrook: “Have you made a decision on your player option for next season?” Russ: \*Looks at watch\*… “What are you wearing tomorrow?” Reporter: “I didn’t know.” Westbrook: “Exactly.” … \*Walks off\*",pullpush:submission,1kpzhmc,2026-06-21T17:10:15.974116+00:00
"""Legit MMA grappling"" - Nuggets fans call out Alex Caruso as physical defense on Nikola Jokic eliminates Nuggets",pullpush:submission,1kpzfz7,2026-06-21T17:10:15.974132+00:00
"Kobe, AI, Pierce, Allen or SGA, Brunson, Luka, ANT",pullpush:submission,1kpzfjo,2026-06-21T17:10:15.974142+00:00
"There has not been an NBA Finals between 2 teams who have not won a championship since 1978. With 3 of the 4 teams in the conference finals having yet to win it all, I was curious how long it’s been since we’ve had a matchup of ringless franchises. Surprised to find out it’s been almost **50 years.** This as we all remember was the 7-game clash between the Seattle SuperSonics and the Washington Bullets, with Washington claiming the victory. Interesting note about the Bullets: they remain the team with the fewest wins to win the Finals with a record of 44-38. [Source](",pullpush:submission,1kpzd3r,2026-06-21T17:10:15.974210+00:00
"The NBA should be thankful OKC won this series. Now Presti will be delusional enough to give Jalen Williams the max and not go all in for Giannis while also believing guys like “Topic”, “Dieng” and whoever he drafts this year will be enough next year. It’ll be even funnier when they lose this round and they’re stuck in purgatory because Presti is too scared to make moves.",pullpush:submission,1kpzc3k,2026-06-21T17:10:15.974249+00:00
When is NBA MVP gonna be announced?. After Game 7 of Thunder vs Nuggets series wrapped up I thought it would've been perfect to announce MVP during this series. I'm pretty sure this is the latest without any announcement.,pullpush:submission,1kpzaf8,2026-06-21T17:10:15.974270+00:00
"Do you think the NBA should shorten the season to reduce injuries?. Do you think the NBA should shorten the season to potentially reduce injuries? I'm not saying they should, I'm asking do you think a shorter regular season could potentially reduce injuries? With the amount of injuries this postseason do you think less games for starter players could help? I know people criticize load-management but I think with guys who do deal with constant injuries or chronic problems it does help.",pullpush:submission,1kpza0b,2026-06-21T17:10:15.974309+00:00
"Of the ~5000 players who have had 700+ career games, only one player has gone their entire career playing without an All Star, All NBA, or All Defensive players in the same season: Nikola Jokic at 839 career games. Trae Young was the next closest active streak at 483 games played, with Dyson Daniels breaking it with his selection this year. No current player comes close",pullpush:submission,1kpz9eu,2026-06-21T17:10:15.974340+00:00
Celtics should have won the chip this year. If they were healthy they would have. The Knick’s got lucky,pullpush:submission,1kpz787,2026-06-21T17:10:15.974359+00:00
"[Highlight] Cason Wallace dunks it over Nikola Jokic with his left hand, in game 7 (with replays). Western Semifinals, 2025 NBA Playoffs Multi-language and broadcast. EN1|EN2|ES1|EN3|ES2|ES3|PT|KR. Broadcast list: ABC (English) Thunder Radio (English) Thunder Radio (Spanish) Nuggets Radio (English) ESPN (Spanish) Movistar (Spanish) ESPN (Portuguese) SPOTV (Korean)",pullpush:submission,1kpz58h,2026-06-21T17:10:15.974409+00:00
Has the narrative for best player in the world changed?. Something doesn't feel right with Jokic. The best player in the world just came up short 2 straight years and nobody is really criticizing him in the Nat'l media. I remember when LeBron had that title it automatically came with criticism if each season didn't result in a championship. Nobody felt sorry for LeBron coming up short. There was no excuses. Why does it feel like Jokic gets off easily. Like nobody is actually even discussing him coming up short. All I see is excuses that his teammates let him down. He won a championship with this same core now they are not good enough. Did the narrative change for the best player in the world?,pullpush:submission,1kpz2ov,2026-06-21T17:10:15.974446+00:00
"WOULD YOU RATHER: You’re the GM of a franchise and you can choose a rookie Tim Duncan or Nikola Jokic, who are you taking??",pullpush:submission,1kpz1hg,2026-06-21T17:10:15.974454+00:00
"Best players in the Thunder-Nuggets series with ESPN's new ""net points"" stat: 1-SGA (+33.7), 2-Jokic (+32.0), 3-Chet (+10.6). Worst players? 1-Westbrook (-37.6), 2-MPJ (-22.0), 3-Murray (-16.7). Fun new stat from Dean Oliver, one of the pioneers of basketball analytics. He explains the methodology here:  Here's the source of the data:",pullpush:submission,1kpz0zj,2026-06-21T17:10:15.974469+00:00
"Russel Westbrook against the Thunder: 9/3/2 on 35/22/70 shooting splits | -27 netRTG and a team WORSE -92 +/- over the series. a lot of people like to say he on a vet min and what not in argument to him not playing well but regarless of if he was making max or min, he was a net negative by a fucking lot. The takes on here after he had the his best shooting series after the clippers were heavy overactions.",pullpush:submission,1kpywjx,2026-06-21T17:10:15.974484+00:00
Russell Westbrook is a basketball liability. And he showed who he truly is in the playoffs. 6 pts in an Game 7 when you were treated like the 3rd star for the team? The coach's mistake was in believing him. Julian Strawther would have made more of an impact,pullpush:submission,1kpyv6v,2026-06-21T17:10:15.974494+00:00
Nuggets lost because of their reliance on Jokic orchestrating the offense.,pullpush:submission,1kpyuez,2026-06-21T17:10:15.974499+00:00
"Has Giannis proven that he has always been the best player in the league?. His 1st round performance was nothing short of spectacular given the circumstances, while Jokic was mediocre these playoffs. Due to his injuries these past few postseasons people have seemingly forgotten about him and prematurely labelled jokic as the better player.",pullpush:submission,1kpytsh,2026-06-21T17:10:15.974511+00:00
There was a water leak during the Thunder's postgame presser,pullpush:submission,1kpyto8,2026-06-21T17:10:15.974516+00:00
Anyone else who also has no remaining team you find interesting / wishing to root for?,pullpush:submission,1kpyrl2,2026-06-21T17:10:15.974521+00:00
This is going to be an epic battle for the title! One of these four teams will win their very first chip or their first since 1973. Who are you rooting for to win it all? Who are you rooting against?. The playoffs have been great and exciting so far! It’s going to get even more intense and I can’t wait. All of the final teams have a great shot at winning the title. Who you got?,pullpush:submission,1kpypit,2026-06-21T17:10:15.974538+00:00
Jokic career playoff series record vs over-50-win teams: 0-6,pullpush:submission,1kpyl5s,2026-06-21T17:10:15.974543+00:00
"Alex Caruso on if he felt nervous before Game 7: ""If you don't feel anything leading up to it, you're probably like a serial killer. You need to be checked out.""",pullpush:submission,1kpygc7,2026-06-21T17:10:15.974554+00:00
"3/5 of the Knicks starters in their main full strength starting lineup from last year left in the offseason, however all five players are in the Conference Finals this year. Source:  The starting five was as follows: Brunson (ECF with the Knicks) DDV (WCF with the Wolves) OG (ECF with the Knicks) Randle (WCF with the Wolves) IHart (WCF with OKC) Pretty cool fact and it shows how these guys are all contributors to great teams this season, with all of them except DDV being key contributors as starters.",pullpush:submission,1kpyg6n,2026-06-21T17:10:15.974573+00:00
"Adam Silver is doing a horrible job with the post season awards.. I don't understand how the MVP hasn't been announced already, I for sure thought whoever won this game would be awarded the MVP. This would have been 100 percent better than receiving the award through zoom like it has been done the past few years.",pullpush:submission,1kpyclk,2026-06-21T17:10:15.974587+00:00
The only way Jokic wins another ring. Is if he demands to be traded. It is undeniable that his prime is at its end with his weakest playoffs performance to date. And staying in Denver means playing well above 36 minutes per regular season game and beyond 40 during the playoffs with the bums the Nuggets built around him.,pullpush:submission,1kpybat,2026-06-21T17:10:15.974600+00:00
Nikola Jokic on the Nuggets needs “The ones who have longer benches and rotations are the ones who are winning.”,pullpush:submission,1kpy9xv,2026-06-21T17:10:15.974607+00:00
"Commercials (and using replay challenges and fouls/timeouts to slam more of them into the broadcast) have gone too far.. Everyone has noticed that the amount of commercial breaks, and their length, has gone way up. It might be a reaction to lower ratings, but it's gone too far. Between first and third quarters: commercial break, quick check-in, ANOTHER commercial break Replay challenges: this is egregious, since the NBA is already sending refs to the monitor more often to put cameras on their Emirates patches. Each one of these is one, sometimes TWO commercial breaks. Flagrant reviews: see above, each one is more $$$ for the NBA from Emirates and from selling commercials. Fouls: I've noticed players ""drawing fouls"" right before the scheduled TV timeout, to ensure an extra commercial break without a coach calling timeout. Westbrook did this in Game 6. ESPN halftime is of course an abomination, but it's always been like that and I tune out during that time anyway. I'm more concerned with the constant breaks in gameplay. Are fans just gonna let the NBA become the NFL?",pullpush:submission,1kpy9ma,2026-06-21T17:10:15.974641+00:00
SGA and Jdub finish the series with more assists indivudally and less turnovers combined than Jokic. SGA: 46 assists and 14 turnovers. Jdub: 42 assists and 10 turnovers. Jokic: 41 assists and 30 turnovers.,pullpush:submission,1kpy650,2026-06-21T17:10:15.974649+00:00
Michael porter jr vs the thunder: 7/5/1 on 42% TS. Should the nuggets try and move on from MPJ? I know he was injured but outside of shooting he really doesn’t offer much 7.4 points 5.3 rebounds 0.6 assists 30 minutes per game 33% FG 42% TS,pullpush:submission,1kpy5w2,2026-06-21T17:10:15.974662+00:00
LMAO this might be the best ever propsect to NBA player comp ever.,pullpush:submission,1kpy5tv,2026-06-21T17:10:15.974667+00:00
"Jokic: ""The next couple of days is gonna be a lot of beer probably""",pullpush:submission,1kpy3st,2026-06-21T17:10:15.974672+00:00
"Aaron Gordon full postgame conference, after the Nuggets were defeated in game 7 by the OKC, losing 3-4 in the series. 2025 NBA Playoffs.",pullpush:submission,1kpy333,2026-06-21T17:10:15.974678+00:00
"NBA has to get their shit straight with what upgrades to Flagrant. Variation in refereeing on a game by game basis is fine. But when it comes to reviews, there is no room for error, and consistency is required. Part of the reason why there isn’t consistency is because the rules are pretty cloudy. It needs to get straightened out. For the OKC DEN series, in G6 Jdub elbowed Murray in the head, it was reviewed and determined to be a common foul. Today in G7 AG elbowed SGA in the head, and it was upgraded to Flagrant. Very similar plays, the defender’s both entered the other guys space and got hit on pull throughs. I don’t have a problem with it being a flagrant or not, but these two plays can’t result in different calls following a review. It has to go one way or the other. Links below",pullpush:submission,1kpy24j,2026-06-21T17:10:15.974710+00:00
MPJ after the ASB: 16.5/8.0/2.1 on 46.3/34.6/82.8. MPJ in playoffs: 9.1/5.5/0.6 on 39.2/34.3/71.4. A huge downswing from his pre ASB stats of 19/6.5/2.2 on 52.3/41.7/74.3. MPJ was a huge talking point for the trade deadline for the Nuggets before the ASB and no trade transpired. Did Booth make a huge mistake not sending MPJ away when he could have?,pullpush:submission,1kpxv55,2026-06-21T17:10:15.974723+00:00
"Nuggets Starters Dominant Playoff Run. Net Rating: +11 (2nd best lineup min 150min) ORTG: 119 DRTG: 108 282 minutes (most out of any playoff lineup out of necessity) So if they were so elite why did they end up in two 7 game series and ultimately losing? Well its because they basically got destroyed anytime that any healthy starter was out. Jokic off -24 Braun off -25 Gordon off -26 Murray off -54 (big reason why he led the league in playoff minutes per game and in total minutes they were getting obliterated when he was off) Every game it was the same script the starters start off well, the first subs come in and they start losing, the starters try to close the game while not gassing out. Today was a great example of this once again happening when the Nuggets were up 11 until Russell Westbrook checked in following Peyton Watson shortly after and the Thunder immediately cut it to 5. Hopefully this kills the Jokic superman +/- narrative since Jokic had a -24 net rating when he played without Jamal Murray. This is going to be the 2nd out of the last 3 playoff runs that Jokic is a negative when he plays without Murray.(-11 in 22/23) This doesn’t mean that Jokic is dependent on Jamal but basketball is a team game and every player plays a part. The whole 1 player carrying concept has always been asinine. Jokic and Murray together without Gordon were a -19 so 2 players carrying isn’t possible either. Depth matters and like we just saw for the Nuggets 5 players isn’t enough to win a championship.",pullpush:submission,1kpxtxs,2026-06-21T17:10:15.974779+00:00
"How to win in the playoffs - Guards who play with energy - OKC has 3 guards with more than 0.5 Steals per 36 and over 3 fouls per game - Dort, Caruso and Wallace. 11 Teams had at least one guard - all 8 made the 2nd round.. NBA Playoffs is all about defense this year. Especially these hustle and energy guards who can crash the boards, play aggressive defensive that is hands-on and not worry about fouling, and as a plus, rebound and get offensive rebounds. From [NBA.com]( for players with MP > 100, 0.5 steals per game, 3 fouls per game.  The teams that are not in this list - LA Lakers, Houston Rockets, Bucks, Magic and Heat. Who can forget seeing Alex Caruso body-up 3-Time MVP Nikola Jokic with so much success? These guards are so valuable. They need to be able to play with full intensity and not worry about fouling. The more guards you have, the higher chance of making it past the 1st round. If I was an NBA GM, I would try to acquire these guards onto your team to build a championship contending roster. The proof is there. Guards who are willing to play aggressive defense, able to take good fouls, get deflections steals and rebounds, they are going to take you far into the playoffs. Congrats to OKC with 3 of these players. Personal Fouls is extremely important. The Refs adapt to the physicality of the game. If you are playing super aggressive defense, the refs will start to not make as many calls since the bar goes up on what is considered a foul. The winner of Indiana and Knicks will be Mathurin vs. Josh Hart. Whoever wins this matchup will win the series.",pullpush:submission,1kpxtst,2026-06-21T17:10:15.974831+00:00
"Who do you think is the best player of 21st Century with 0 rings?. Like or not, rings is a very big part for the legacies of all-timers. Sadly, a lot of players never experienced it despite the player himself is extraordinary. As the title says: Who do you think is the best player of 21st Century with 0 rings?",pullpush:submission,1kpxr88,2026-06-21T17:10:15.974843+00:00
Meatless Shai. FTA. Flops all day. Wolves in 5.,pullpush:submission,1kpxqlg,2026-06-21T17:10:15.974848+00:00
20+ years we will find out Lebron was on PEDs his entire career. Covered up by many entitie$$$,pullpush:submission,1kpxq3x,2026-06-21T17:10:15.974854+00:00
CMV: Cooper Flag ceiling is Franz Wagner and he has become completely overhyped,pullpush:submission,1kpxmrv,2026-06-21T17:10:15.974859+00:00
"Nikola Jokic full postgame conference, after the Nuggets were defeated in game 7 by the OKC, losing 3-4 in the series. 2025 NBA Playoffs.",pullpush:submission,1kpxlup,2026-06-21T17:10:15.974865+00:00
"Aaron Gordon on what he's most proud of from his performance this season: ""Being able to compete for the first time without my brother by my side.""",pullpush:submission,1kpxl6e,2026-06-21T17:10:15.974873+00:00
"/r/NBA thread from when the Wolves and Knicks trade went down, both teams are heading to the conf finals",pullpush:submission,1kpxl2e,2026-06-21T17:10:15.974879+00:00
"Nikola Jokic on whether the Nuggets can win another championship as currently constructed: “We didn’t, so obviously we can’t. If we could, we would win it. I don’t believe in those ifs stuff. We had opportunities. We didn’t win it, so I think we can’t.”",pullpush:submission,1kpxij8,2026-06-21T17:10:15.974908+00:00
"2011-25 will have 11 unique champions in 15 years. The prior 15 years (1996-2010) only had 6. 11: Mavericks 12, 13: Heat 14: Spurs 15, 17, 18, 22: Warriors 16: Cavaliers 19: Raptors 20: Lakers 21: Bucks 23: Nuggets 24: Celtics 25: Knicks/Thunder/Pacers/Wolves 96, 97, 98: Bulls 99, 03, 05, 07: Spurs 00, 01, 02, 09, 10: Lakers 04: Pistons 06: Heat 08: Celtics",pullpush:submission,1kpxhy6,2026-06-21T17:10:15.974921+00:00
Why was a possible Tim Donaghy co-conspirator reffing game 7?,pullpush:submission,1kpxhwi,2026-06-21T17:10:15.974926+00:00
"Playoff series, preview, thunder versus wolves",pullpush:submission,1kpxh4h,2026-06-21T17:10:15.974930+00:00
"Aaron Gordon on the playoff scheduling: ""I would really, really appreciate it if there were a couple of days in between games in the playoffs instead of every other day. The product of the game would be a lot better. You'll see a higher level of basketball. Probably less blowouts.""",pullpush:submission,1kpxgmb,2026-06-21T17:10:15.974941+00:00
"Is Luka Doncic an underachiever while SGA (#11 overall) is a massive overachiever & maximizing his talent with work ethic?. Back in 2018 NBA Draft, both Luka and SGA entered the league with opposite expectations... At the time, SGA was viewed as a talented raw prospect who may become a quality role player (maybe peaking as 1x All-Star). [With the exception of Jonathan Tjarks]( the overwhelming majority of people never really expected SGA to become a top 5 player in NBA and future MVP winner. SGA deserves tons of credit for relentlessly improving his game. Meanwhile, Luka Doncic was viewed as by far & away the most talented European prospect in history. He had a Hall of Fame resume before playing a single minute in NBA. Luka was **expected** to establish himself as an MVP-level player, which happened. That said, Luka is basically the Shaquille O'Neal of 2020s decade for simply coasting on pure talent and not taking care of himself seriously. Never mind that Luka never won an MVP unlike SGA",pullpush:submission,1kpxgi8,2026-06-21T17:10:15.974972+00:00
Who already has a ring from remaining teams?. Title. I'm an okc fan not super familiar with the rest of the teams' rosters. Ik Caruso has a ring from Lakers' last win but who else?,pullpush:submission,1kpxf7u,2026-06-21T17:10:15.974981+00:00
"2011-2025 will have 11 unique champions in 15 years. The prior 15 years (1996–2010) only had 6. 11: Mavericks 12, 13: Heat 14: Spurs 15, 17, 18, 22: Warriors 16: Cavaliers 19: Raptors 20: Lakers 21: Bucks 23: Nuggets 24: Celtics 25: Knicks/Thunder/Pacers/Wolves 96, 97, 98: Bulls 99, 03, 05, 07: Spurs 00, 01, 02, 09, 10: Lakers 04: Pistons 06: Heat 08: Celtics",pullpush:submission,1kpxe8t,2026-06-21T17:10:15.974998+00:00
"Only a handful of rings should count.... If the goalpost keeps getting moved like it does currently. A ring is ""only one ring"" now. Outside of IDK, Hakeem rings, the pistons in 2004 and the Mavs in 2011 no other ring should count because every star player had either a stacked team or beat ""weak""/injured teams in the finals. Bird had McHale and Parish. Kareem and Magic had each other and a couple more hall of famers. MJ had Pippen, Rodman and a couple other hall of famers Duncan had Ginobili, Robinson, Parker and Kawhi. Shaq and Kobe had each other. Toronto beat the injured Warrios and so on. Every single title run can have an asterisk put onto them. Enjoy when your team wins and don't be petty when it loses. Also don't be petty when it wins, that's even worse.",pullpush:submission,1kpxdmu,2026-06-21T17:10:15.975022+00:00
"Aaron Gordon on playing through a hamstring strain for Game 7: ""I was pretty sure I was going to play. Everything that I could possibly do to be out there and fighting for my team. Just wish I played better.""",pullpush:submission,1kpxcu7,2026-06-21T17:10:15.975032+00:00
There are only 5 players remaining in the playoffs that previously won a championship. Pascal Siakam (Raptors2019) OG Anunoby (Raptors 2019) Alex Caruso (Lakers 2020) PJ Tucker (Bucks 2021) Thomas Bryant (Nuggets 2022),pullpush:submission,1kpxcru,2026-06-21T17:10:15.975040+00:00
"[Benedetto] Tried to get Russell Westbrook in the locker room to see he had made a decision on his player option for next season. He looked at his watch and asked what I was wearing tomorrow. When I said I didn’t know, he said “exactly” and walked off. Nuggets aren’t doing exit interviews.",pullpush:submission,1kpxcmm,2026-06-21T17:10:15.975053+00:00
This is going to be an epic battle for the title! One of these four teams will win their very first chip or their first since 1973. Who are you rooting for to win it all? Who are you rooting against?,pullpush:submission,1kpxbml,2026-06-21T17:10:15.975062+00:00
"Nikola Jokic on how this offseason will be compared to last: ""The next couple of days is gonna be a lot of beer probably""",pullpush:submission,1kpxb8u,2026-06-21T17:10:15.975069+00:00
There are only 4 players remaining in the playoffs that have previously won a championship. Pascal Siakam (Raptors2019) OG Anunoby (Raptors 2019) Alex Caruso (Lakers 2020) Thomas Bryant (Nuggets 2022),pullpush:submission,1kpxa6c,2026-06-21T17:10:15.975077+00:00
"Nikola Jokic on what he'll do this offseason: ""The next couple of days is gonna be a lot of beer probably""",pullpush:submission,1kpx9kb,2026-06-21T17:10:15.975083+00:00
Alex Caruso recorded a higher +/- in Game 7 today (+40) than Josh Giddey had throughout the entire playoffs last season (+39). Alex Caruso recorded a higher +/- in Game 7 (+40) than Josh Giddey had throughout the entire playoffs last season (+39),pullpush:submission,1kpx4qv,2026-06-21T17:10:15.975107+00:00
"Jamal Murray full postgame conference, after the Nuggets were defeated in game 7 by the OKC, losing 3-4 in the series. 2025 NBA Playoffs.",pullpush:submission,1kpx3uf,2026-06-21T17:10:15.975113+00:00
"SGA was better than Jokic this series. That’s all. Come at me, Jokic meat-slingers. SGA with 30/6/7 while Jokic put up 3 absolute stinkers in a 7 game series. Props to AG for making it a competitive series, but the nuggies didn’t have the depth to beat this thunder team.",pullpush:submission,1kpx3pw,2026-06-21T17:10:15.975127+00:00
"Game 7 disappointments: Since 2022, there have been 12 game 7s. 10 of them have been decided by double digits. Half have been decided by 20+. The average margin of victory has been 19.5.. Game 7’s since 2022 **2022** Celtics defeat Bucks 109-81 Mavs defeat Suns 123-90 Celtics defeat Heat 100-96 **2023** Warriors defeat Kings 120 - 100 Celtics defeat Sixers 112-88 Heat defeat Celtics 102-84 **2024** Cavs defeat Magic 106-94 Pacers defeat Knicks 130-109 Wolves defeat Nuggets 98-90 **2025** Nuggets defeat Clippers 120-101 Warriors defeat Rockets 103-89 Thunder defeat Nuggets 125 - 93",pullpush:submission,1kpx3e0,2026-06-21T17:10:15.975149+00:00
"For the first time in history, there are 7 different champions in 7 NBA seasons.. This is the most parity the NBA has ever experienced and is t even close. Don’t let anyone gaslight you into believing this era is trash when it is indeed the best and most competitive NBA PARITY IS AT AN ALL TIME HIGH!",pullpush:submission,1kpx1g0,2026-06-21T17:10:15.975163+00:00
[Bill Simmons] Bill Simmons on how the players union messed up and why the Second Apron is bad for the sport of basketball as a whole,pullpush:submission,1kpwypt,2026-06-21T17:10:15.975170+00:00
"Was Steph Curry dumb for not returning in game 4,5 ?",pullpush:submission,1kpwxz2,2026-06-21T17:10:15.975175+00:00
"With today's loss to the Thunder, Nikola Jokic is now 1-6 all time against 50-win teams in his playoff career. 2019 - Trailblazers (L) 2020 - Lakers (L) 2021 - Suns (L) 2022 - Warriors (L) 2024 - Timberwolves (L) 2025 - Clippers (W) Thunder (L)",pullpush:submission,1kpwxw7,2026-06-21T17:10:15.975185+00:00
why did the dallas cowboys trade luke doncick. i still dont get it they basically got nothing in return just a tall big man that keeps falling over,pullpush:submission,1kpww9w,2026-06-21T17:10:15.975192+00:00
Down to the Final four. Who’s your pick?. Thunder are the deserving favorites. Proved they could close out a champion even if Denver had 2 injured starters. That being said my pick is the Wolves. I think ANT is the best player left in the playoffs and he will go on an insane run to win his first ring.,pullpush:submission,1kpwu9y,2026-06-21T17:10:15.975207+00:00
"After the Denver Nuggets was eliminated in game 7, the final four (Thunder, Timberwolves, Knicks, Pacers) each had a dedicated SecretBase ""Collapse"" video from 5 years ago. Now all four of them are in the conference finals.. Insane times have changed Source: Videos **How the Thunder failed to win a title after drafting three MVPs in a row** [ **How the Minnesota Timberwolves squandered Kevin Garnett's prime, then lost him** [ **How the Knicks' terrible leadership turned a contender into 20 years of misery** [ **How the Pacers ruined a championship contender with tiny moves and one big injury** [",pullpush:submission,1kpwu7n,2026-06-21T17:10:15.975233+00:00
"I’ve been using different IPTV services over the past year, trying to find one that’s both stable and has good coverage for UK/US/EU channels. I recently tried a provider that offers 17K+ live channels + VOD and it's been solid so far — no buffering issues, decent EPG, works well on Firestick and S",pullpush:submission,1kpwtlq,2026-06-21T17:10:15.975247+00:00
"Shai Gilgeous-Alexander on playing his cousin, Nickeil Alexander-Walker, in the Western Conference Finals: ""I am trying to take his head off for sure. Completely.""",pullpush:submission,1kpwtay,2026-06-21T17:10:15.975254+00:00
"Assuming Shai wins MVP this season, which he is generally favoured to do so, Joel Embiid will remain as the only MVP to never make the Conference Finals.. With SGA and the OKC Thunder advancing to the WCF today after a blowout win in game 7, if SGA wins MVP this season, which he is generally expected to do so, as he leads ESPN’s final MVP straw poll, Embiid will remain the only MVP in nba history to not make the Conference Finals. Impressive for SGA to make the WCF in his second season leading a great team. He had an awesome game today. Also sad for Embiid that he is still yet to reach the Conference Finals. 2021 was their golden opportunity, but him and the Sixers squandered it as the one seed against a considerably worse team in the Trae Young led Hawks.",pullpush:submission,1kpws5i,2026-06-21T17:10:15.975285+00:00
Jalen Williams postgame conference after game 7 gets a bit delayed due to some leaks in the area.,pullpush:submission,1kpws3w,2026-06-21T17:10:15.975290+00:00
This is going to be an epic battle for the title! One of these four teams will win their very first chip or their first since 1973. Who are you rooting for to win it all? Who are you rooting against?.  The playoffs have been great and exciting so far! It’s going to get even more intense and I can’t wait. All of the final teams have a great shot at winning the title. Who you got?,pullpush:submission,1kpwroj,2026-06-21T17:10:15.975310+00:00
is luke docick overrated. yes he is a generational talent but guys like ja marant and anyton edward are way better in my humble opinion,pullpush:submission,1kpwrl5,2026-06-21T17:10:15.975317+00:00
"3 time and defending MVP Nikola Jokic just lost in the 2nd round or earlier for the 4th time in 5 years. Since winning his first MVP in 2021: 2021 swept by the Suns 0-4 in the 2nd round. 2022 lost 1-4 to the Warriors in the 1st round. 2024 went down 0-2 to the Timberwolves and in danger of being swept before losing 3-4 in the 2nd round, including blowout losses by 26 and 45 points. 2025 lost 3-4 to the Thunder in the second round, including blowout losses by 43 and 32 points.",pullpush:submission,1kpwrdl,2026-06-21T17:10:15.975338+00:00
Battle of the MVPs ends SGA: 30/6/6 63% TS. Jokic: 28/14/6 58% TS. Great battle by the top 2 mvp candidates. Proving why they are the best two players in the world SGA 30/6/6 63% ts Jokic 28/14/6 58% TS,pullpush:submission,1kpwqqi,2026-06-21T17:10:15.975347+00:00
"What are your predictions for the Wolves Thunder WCF series?. Tbh this could go either way, I think we are getting another 7 game series, right now it's tough to choose who will win, but I'm slightly leaning Wolves in 7, but I wouldn't be surprised if the Thunder won either, deciding factor for me is the Wolves are the slightly more rested team, but what are your predictions for this series, who do you have winning, and in how many games?",pullpush:submission,1kpwqlx,2026-06-21T17:10:15.975363+00:00
"If Shai Gilgeous Alexander wins the MVP this season, which he is generally favoured to do so, Joel Embiid will remain as the only MVP to never make the Conference Finals",pullpush:submission,1kpwqgw,2026-06-21T17:10:15.975371+00:00
"Since 2023, Rudy Gobert has made two conference finals before Jokic has made one.. On July 6, 2022, Gobert was traded to the Minnesota Timberwolves for Patrick Beverley, Malik Beasley, Jarred Vanderbilt, Leandro Bolmaro, and the draft rights to center Walker Kessler in addition to four first-round picks and a 2026 first-round pick swap in a highly criticized trade by the Wolves. Since, they've made two conference finals with Gobert anchoring the Timberwolves defense, before his fellow Jazz teammate Donovan Mitchell. Is it possible the Rudy hate is overblown and unwarranted?",pullpush:submission,1kpwqe9,2026-06-21T17:10:15.975389+00:00
Might be the craziest take i’ve ever seen..,pullpush:submission,1kpwq54,2026-06-21T17:10:15.975394+00:00
"Coach Mark Daigneault gives respect to the entire Denver org after a hard-fought series: ""They pushed us to the limit, and we just have such respect for all the guys in that locker room.""",pullpush:submission,1kpwpv2,2026-06-21T17:10:19.529813+00:00
Russell Westbrook finished with a -92 plus/minus in the Nuggets\Thunder series. Final stats: 9.9 PPG \ 34.8 FG% \ 2.4 AST \ 2.6 TOV. Russell Westbrook finished with a \-92 plus/minus in the Nuggets\-Thunder series\. Final stats: 9\.9 PPG 34\.8 FG% 21\.9 3P% 2\.4 AST 2\.6 TOV Another volatile series for Russ\. Per Kevin O'Connor I don't understand why every coach feel the need to overplay Russ,pullpush:submission,1kpwpbr,2026-06-21T17:10:19.529839+00:00
Jokic isn’t a top 5 center all time and should not be getting into convos. Jokic just beat a 50-win team for the first time in his career this year. And it took him 7 games vs the old Clippers. The competition he's beaten in the Playoffs is pretty weak compared to previous great centers. And Jokic's recent track record in Game 7 isn't very good.,pullpush:submission,1kpwmb1,2026-06-21T17:10:19.529860+00:00
"These conference finals will be a love letter to 90s basketball.. Both OKC and MIN have adopted 90's era defenses predicated on intense physicality that tests the willpower of officials. I think with both teams reliance on wings that are above average but also inconsistent shooters, there is going to be some brutally low-scoring games. I'm curious as to if this style of defense going to be increasingly prevalent across the league during the next few seasons? It seems as though a lot of organizations on the rise over the last 2 years (OKC, MIN and ESPECIALLY HOU/IME UDOKA) have realized the success you can have with this. If I'm in a front office watching these series with goals of post season success, I'm going to start holding power slap matches at my workouts (also hiring Metta Sandiford-Artest and Bill Laimber as assistant coach, just in case). On the other side of the playoffs in the East, we have the return of a classic 90s playoffs matchup, the Pacers and Knicks. This will be a little bit different from their distant encounters with both teams offensively oriented during the regular season (Knicks OTRG 4th and Pacers 9th) but both have stepped it up defensively during the post season. During the regular season the knicks and pacers DTRG were both 113.3, good for 13th and 14th respectively. In the playoffs, the Knicks are currently up to 110.6 and the pacers are at 111.9 with a clear increase in intensity. Overall, I'm looking forward to the comparisons of Ant to MJ, the references to the ""choke"" move of Reggie Miller, and the footage of Spike Lee that rivals that of Taylor Swift at a Chief's game.",pullpush:submission,1kpwlag,2026-06-21T17:10:19.529915+00:00
"Jokic fan with a confession. Jokic was just as bad this series as SGA in terms of foul baiting (but didnt get the same whistle). It is clearly the best strategy right now and the NBA needs to do something to correct it, because it makes the game way less fun to watch. Any Jokic fan who denies this is not watching the games.",pullpush:submission,1kpwl82,2026-06-21T17:10:19.529932+00:00
Will Joker Be Asking Out?. It's clear that Jokic isn't good enough to ever win another title in Denver. His teammates aren't good enough and he showed today that his game is fading fast. Who do you think will be the best match? Dallas for the #1 pick? Tyler Herro plus a couple picks? I just hope Denver does right by him as it's not his fault and he brought them a title.,pullpush:submission,1kpwk1b,2026-06-21T17:10:19.529947+00:00
"We will officially have a new Champion Team/Franchise this Decade (2020s). Thunder just eliminated Nuggets after leading as much as 40 pts. Now, they reach WCF against Wolves. This will mean that we will have WCF: Thunder VS Wolves ECF: Knicks VS Pacers This officially means that we will have another unique/new champion this decade 2020 - Lakers 2021 - Bucks 2022 - Warriors 2023 - Nuggets 2024 - Celtics 2025 - (Thunder/Wolves/Knicks/Pacers) Thunder last won an nba championship in 1979 (they were still Supersonics by then) Knicks last won an nba championship in 1970. Wolves never won an Nba Championship yet. Pacers never won an Nba Championship too. (Though they won 3 ABA Championships in 1970, 1972, and 1973) This shows the insane parity in nba this decade.",pullpush:submission,1kpwjix,2026-06-21T17:10:19.529973+00:00
[Murray] Thunder outscored Nuggets 37-7 off turnovers in Game 7 today.,pullpush:submission,1kpwijx,2026-06-21T17:10:19.529978+00:00
"With the Oklahoma City Thunder's 125-93 victory over the Denver Nuggets, this marks the 8th 30+ blowout victory in these 2025 NBA playoffs.. All the games: (5) Los Angeles Clippers 117-83 (4) Denver Nuggets **(1) Oklahoma City Thunder 131- 80 (8) Memphis Grizzlies** (2) Boston Celtics 120 - 89 (7) Orlando Magic (1) Cleveland Cavaliers 124 - 87 (8) Miami Heat **(1) Cleveland Cavaliers 138 - 83 (8) Miami Heat** **(1) Oklahoma City Thunder 149 - 106 (4) Denver Nuggets** (1) Oklahoma City Thunder 125 - 93 (4) Denver Nuggets (3) New York Knicks 119 - 81 (2) Boston Celtics For reference, there were 6 such games by this point last year. (5) Orlando Magic 121-83 (4) Cleveland Cavaliers (1) Boston Celtics 118- 84 (8) Miami Heat (5) Dallas Mavericks 123-93 (4) Los Angeles Clippers (6) Indiana Pacers 121-89 (2) New York Knicks (2) New York Knicks 121- 91 (6) Indiana Pacers **(3) Minnesota Timberwolves 115 - 70 (2) Denver Nuggets** \* Bold Indicates margin of 40+ Sources: [ [",pullpush:submission,1kpwg6r,2026-06-21T17:10:19.530028+00:00
"Jamal Murray on Aaron Gordon: ""He gave us more than I think we all could ask for. I played through grade 1 calf strain last year and he played through a grade 2 hamstring. A hamstring is no joke""",pullpush:submission,1kpwei9,2026-06-21T17:10:19.530039+00:00
"David Adelman on the Nuggets game 7 loss: ""This is the one moment we had together... it's crushing and it's gonna take a while to get over that.""",pullpush:submission,1kpwe88,2026-06-21T17:10:19.530056+00:00
"Jalen Williams in the Game 7 blowout: 24 PTS, 5 REB, 7 AST, 1 STL on 10/17 FG (59%).  Jalen Williams in the Game 7 blowout: 24 PTS, 5 REB, 7 AST, 1 STL on 10/17 FG (59%) Jalen Williams in the Game 7 blowout: 24 PTS, 5 REB, 7 AST, 1 STL on 10/17 FG (59%)",pullpush:submission,1kpwdmk,2026-06-21T17:10:19.530069+00:00
"Nikola Jokic has gone past 2nd round exactly twice in his entire career.. Source: [ You know who has also gone past 2nd round exactly twice in the same time period? Giannis Antetokounmpo, Luka Doncic, Anthony Edwards, Tyrese Haliburton. And if you want to claim weak east etc, Luka and Ant is in the west. Usually this isn't an issue, but none of these players were claimed the best player in the world.",pullpush:submission,1kpwdcl,2026-06-21T17:10:19.530086+00:00
Basically the options for the 2025 NBA Finals,pullpush:submission,1kpwcqj,2026-06-21T17:10:19.530091+00:00
"Do ex-Nuggets head coach Michael Malone and current interim-Nuggets head coach David Adelman land Head Coach roles in the offseason?. I believe it's likely that Adelman gets a head coach role somewhere whether it's the Nuggets or not because of how the Nuggets closed the season and bearing the Clippers first round + pushing OKC to 7. Malone has a championship. However both coaches are a possibly risk because they get to coach Jokic, so it could be a similar scenario to LeBron where they are making the coaches better than they seem. Who of Malone and Adelman do you think get Head Coach Jobs in the upcoming offseason or do both or neither get it?",pullpush:submission,1kpwc4z,2026-06-21T17:10:19.530114+00:00
"Jamal Murray to Shai Gilgeous-Alexander after the game ""Bring it home. Bring it home for the 6ix""",pullpush:submission,1kpwboa,2026-06-21T17:10:19.530120+00:00
"David Adelman gives Aaron Gordon his flowers after willing himself to play Game 7 through injury: ""That was one of the most incredible things I've ever seen.""",pullpush:submission,1kpwbmc,2026-06-21T17:10:19.530127+00:00
"Second year in a row Shai outplays someone in the playoffs who everyone thinks is better. Last year Shai outplays Luka despite losing due to his supporting cast showing up. This year, although closer, I would say Shai's been more consistent and on the whole has outplayed Jokic in this match up. In both cases, both Luka and Jokic were widely considered better players heading into the series.",pullpush:submission,1kpwb45,2026-06-21T17:10:19.530159+00:00
Which teams will make the final 2 and who will win the title this year? I'd say Timberwolves v Knicks final Timberwolves to win.,pullpush:submission,1kpwa9b,2026-06-21T17:10:19.530167+00:00
"Chet on facing his hometown team, the Minnesota Timberwolves: ""It almost feels like a full circle moment""",pullpush:submission,1kpwa13,2026-06-21T17:10:19.530173+00:00
"Nikola Jokic had as many turnovers tonight as the entire OKC starting five.. Nikola Jokic : 5 turnovers in 37 minutes. 7 assists for an A/TO ratio of 1.4 Shai Gilgeous-Alexander, Jaylen Williams, Lou Dort, Chet Holmgren and Isiah Hartenstein: 5 turnovers in a combined 131 minutes. 7 assists for an A/TO ratio of 3 (Source)[",pullpush:submission,1kpw9n5,2026-06-21T17:10:19.530187+00:00
"Chet on facing his hometown team: ""It almost feels like a full circle moment""",pullpush:submission,1kpw9ll,2026-06-21T17:10:19.530192+00:00
"Alex Caruso vs denver in the series: 10.4 Points, 1.6 Rebounds, 2.7 Assists, 0.6 Blocks and 1.6 Steals in 23.4 minutes, on 46/43/67 Splits and incredible defense all series. [Alex Caruso 2024-25 Stats per Game - NBA - ESPN](",pullpush:submission,1kpw9fp,2026-06-21T17:10:19.530203+00:00
"Jokic this playoffs: 1st in: points, rebounds, assists, steals, stocks, double-doubles, triple-doubles, field goals",pullpush:submission,1kpw985,2026-06-21T17:10:19.530209+00:00
"Is Shai a Playoff riser?. Is Shai a Playoff riser? Like basing off his regular season stats, is a riser or a dropper? His averages on points are down so idk what to consider?",pullpush:submission,1kpw916,2026-06-21T17:10:19.530217+00:00
"The Denver Nuggets have extraordinarily limited options to retool this offseason amongst all eliminated teams.. Set aside whether or not one views Michael Porter Jr. and his contract as a slight overpay or an albatross: The Denver Nuggets have so few assets they can attach to him or their other overpaid player in Zeke Nnaji. While they do own their 1sts in 2026, 2028, 2030-32, due to the Stepien Rule they can't trade their even-numbered picks as they owe first-round draft capital to the Thunder in 2027 & 2029. In essence, their pool of assets that wouldn't be considered untouchable for a non-star trade i.e. you aren't trading Christian Braun, is one pick in either 2031 & 2032, pick swaps for their even-numbered picks up to 2030 and the rookie DaRon Holmes who has yet to play a single game in the NBA. And no, they don't have any second round picks aside from the recently accessible 2032 2nd round pick.",pullpush:submission,1kpw7ye,2026-06-21T17:10:19.530247+00:00
"The Knicks are the only team of the final 4 conference finals team that has not won a series in 5 or less games.. most champions always have a series before the finals where they win a fast series. So barring the Knicks winning in 5 vs Indiana, seems like they are going against history if that is how they win another series.",pullpush:submission,1kpw7tl,2026-06-21T17:10:19.530262+00:00
"Is SGA already the 2nd greatest player ever for OKC behind Kevin Durant?. During the 2010s, OKC used to be Championship contender in the West for years when KD was their franchise player. After KD left, OKC underachieved in the playoffs with Russ/PG and never won 50+ regular season games before Russ got traded away SGA brought back the relevancy for OKC and has now taken them past the 1st round twice. As the title says: Is SGA already the 2nd greatest player ever for OKC behind Kevin Durant?",pullpush:submission,1kpw71e,2026-06-21T17:10:19.530281+00:00
"Jokic has 64 FTA this series. SGA has 63.. People call SGA FTA yet Jokic shot more free throws. Before anyone complains, I watched all 7 games (I don't have a life) and I counted Jokic flopped 26x this series and SGA flopped 9x. Shai also heavily outplayed Jokic by beating him in every advanced metric this series.",pullpush:submission,1kpw5hp,2026-06-21T17:10:19.530294+00:00
"2025 Western Conference Finals schedule: (1) Oklahoma City Thunder vs. (6) Minnesota Timberwolves.  • Game 1: Timberwolves vs. Thunder (Tue. May 20, 8:30 ET, ESPN) • Game 2: Timberwolves vs. Thunder (Thu. May 22, 8:30 ET, ESPN) • Game 3: Thunder vs. Timberwolves (Sat. May 24, 8:30 ET, ABC) • Game 4: Thunder vs. Timberwolves (Mon. May 26, 8:30 ET, ESPN) • Game 5: Timberwolves vs. Thunder (Wed. May 28, 8:30 ET, ESPN)* • Game 6: Thunder vs. Timberwolves (Fri. May 30, 8:30 ET, ESPN)* • Game 7: Timberwolves vs. Thunder (Sun. June 1, 8 ET, ESPN)* * if necessary",pullpush:submission,1kpw4w5,2026-06-21T17:10:19.530322+00:00
"Jamal Murray finishes Game 7 with: 13 PTS | 1 REB | 2 AST | 2 TO on 6/16 FG | 1/8 3PT | 0/0 FT. Terrible night from someone that Denver sorely needed to step up, especially with a hampered Gordon who gutted out a solid performance. Most notable were the lack of assists (2 to 2 turnovers) and zero trips to the free throw line. Murray has 4 seasons left on his contract, with an AAV of $51m",pullpush:submission,1kpw4o5,2026-06-21T17:10:19.530344+00:00
"OKCs 32pt win over the Nuggets in game 7 is the 7th largest margin of victory in a game 7 in the history of the NBA playoffs.. The largest margin of victory was the Mavs beating the Rockets by 40pts in the first round of the 2005 playoffs. Check it for yourself here:  Kind of interesting, it really felt like the thunder could have won by 45 tbh, the last few minutes lost this for them",pullpush:submission,1kpw4ba,2026-06-21T17:10:19.530362+00:00
"Shai Gilgeous-Alexander full postgame interview on the court, after the Thunder defeated the Nuggets in game 7, qualifying for the Western Conference Finals.",pullpush:submission,1kpw49f,2026-06-21T17:10:19.530369+00:00
"SGA has made a conference finals and potentially gotten MVP before Joel Embiid and Donovan Mitchell have made a single conference final. Gilgeous-Alexander finished the regular season as the first Canadian to lead the NBA in scoring and the third international player to achieve the feat. He finished the season with the most 20-point games (75), 30-point games (49), 40-point games (13) and 50-point games (4). His streak of 72 consecutive games scoring at least 20 points became the longest such streak in NBA history, eclipsing Michael Jordan’s previous record. It was also Gilgeous-Alexander’s third consecutive season averaging at least 30 points, joining a list occupied by Michael Jordan, Wilt Chamberlain, Oscar Robertson, Kareem Abdul-Jabbar, James Harden and Bob McAdoo. He has now made a conference finals and probably has won MVP",pullpush:submission,1kpw47g,2026-06-21T17:10:19.530403+00:00
"Nikola Jokic in the game 7 loss to the Thunder: 20 points (5-9 FG, 9-11 FT), 9 REG, 7 AST, 5 Turnovers. Sad ending for what many have said was the greatest offensive season ever. Jamal Murray's max also kicks in over the summer in addition to David Adelman taking over so it should make for an interesting summer and season for the Nuggets next year. Box score: [ Jokic season stats: 29.7 PTS, 12.7 Rebounds, 10.2 Assists. 57.6% from the field",pullpush:submission,1kpw43q,2026-06-21T17:10:19.530422+00:00
"With the Nuggets eliminated, only 6 remaining players have won a title: Anunoby, P.J. Tucker (NYK), Siakam, Thomas Bryant (IND), Caruso (OKC), Divincenzo (MIN). Of these, only Siakam, Caruso and Divincenzo were in the rotation for both that championship team and their current team. Divincenzo did not play in the finals for the Bucks due to injury. Thomas Bryant played 1 game and recorded 0 stats in the Nuggets' finals run. P.J. Tucker has only logged 4 minutes this postseason. OG Anunoby did not play in the finals for the Raptors. It's not just new teams - it's new blood all around.",pullpush:submission,1kpw3yv,2026-06-21T17:10:19.530443+00:00
"For the first time since 2015, all 4 teams in the Conference Finals will be led by 30 or under North American players. Interesting observation since the current era of NBA stars has been dominated by European stars like Luka, Jokic and Giannis 2025 - Brunson (Knicks), Haliburton (Pacers) | Ant (Timberwolves), SGA (Thunder) 2015 - Milsap/Teague/Horford (Hawks), Lebron (Cavaliers) | Harden (Rockets), Curry (Warriors)",pullpush:submission,1kpw33a,2026-06-21T17:10:19.530459+00:00
SGA has made a conference finals and potentially gotten MVP before Joel Embiid and Donovan Mitchell have made a conference final,pullpush:submission,1kpw32a,2026-06-21T17:10:19.530466+00:00
"[Benedetto] David Adelman on Aaron Gordon's availability and effort in Game 7: ""Aaron Gordon is incredible. What he played with today, I don’t know many people that would even attempt to run up and down. ... It’s one of the more incredible things I’ve ever seen.""",pullpush:submission,1kpw2p0,2026-06-21T17:10:19.530479+00:00
"Shai: ''Obviously Dub didn't have the best series, same thing happened last year, but the reason we're advancing is because he got better mentally and physically.''",pullpush:submission,1kpw2ld,2026-06-21T17:10:19.530488+00:00
[Murray] - Nuggets vs #1 seed all-time: - L vs 1985 Lakers - L vs 1987 Lakers - W vs 1994 SuperSonics - L vs 1995 Spurs - L vs 2004 Timberwolves - L vs 2008 Lakers - L vs 2009 Lakers - L vs 2020 Lakers - L vs 2025 Thunder,pullpush:submission,1kpw2lg,2026-06-21T17:10:19.530499+00:00
OKCS 32pt win over the Nuggets in game 7 is the 7th 10 largest margin of victory in a game 7 in he history of the NBA playoffs. The largest margin of victory was the Mavs beating the Rockets by 40pts in the first round of the 2005 playoffs. Felt like the thunder were very close to having this record for themselves tbh Check it for yourself here:,pullpush:submission,1kpw28w,2026-06-21T17:10:19.530515+00:00
"Nikola Jokic in the game 7 loss to the Thunder: 20 points (5-9 FG, 9-11 FT), 9 REG, 7 AST, 5 Turnovers. Sad ending for what many have said was the greatest offensive season ever. Jamal Murray's supermax also kicks in over the summer in addition to David Adelman taking over so it should make for an interesting summer and season for the Nuggets next year. Box score: [ Jokic season stats: 29.7 PTS, 12.7 Rebounds, 10.2 Assists. 57.6% from the field",pullpush:submission,1kpw26m,2026-06-21T17:10:19.530533+00:00
Shai Gilgeous-Alexander in the Game 7 win: 35 PTS | 3 REB | 4 AST | 3 STL | 1 BLK on 12/19 FG (63%) | 3/4 3FG | 7/8 FT | 0 TO and a plus-minus of +32,pullpush:submission,1kpw253,2026-06-21T17:10:19.530542+00:00
People with no ties with Pacers/Knicks/OKC/Wolves: Which team are you rooting for get their 1st Championship in 30+ years?. Which star/team are you rooting for to get their first championship if you aren’t a fan of any of these franchises? Indiana-Tyrese Haliburton Minnesota-Anthony Edwards New York-Jalen Brunson Oklahoma City-Shai Gilgeous-Alexander,pullpush:submission,1kpw215,2026-06-21T17:10:19.530558+00:00
"If Shai Gilgeous-Alexander does receive the MVP, Joel Embiid will continue to be the only MVP to never make it to the Conference Finals, as the Thunder have made it out of the second round for the first time with their Shai/J-Dub/Chet core.. However you view the season for Shai overall and whether or not he deserved the MVP, the season for the OKC Thunder overall has met the bare minimum expectations for a 65+ win team, as all other 65+ win teams have made the Conference Finals, three of which have made the Finals and two of whom won the Finals outright. The Thunder have advanced to the Conference Finals after a decisive rout in Game 7 vs. the Denver Nuggets.",pullpush:submission,1kpw1sc,2026-06-21T17:10:19.530582+00:00
"SGA averaged 30/6/7 on 63% TS and 2 turnovers this series. Jokic averaged 28/14/6 on 59% TS and 4.4 turnovers.. Shai also averaged 9 FTs, same as Jokic. [ [",pullpush:submission,1kpw1kw,2026-06-21T17:10:19.530594+00:00
Russell Westbrook last 5 games: 6.4 PPG on 26.2 FG%. You know how Buddy Hield has a cycle where he can go from straight trash to Klay 2.0 and then back to straight trash. Westbrook has something similar.,pullpush:submission,1kpw1kd,2026-06-21T17:10:19.530604+00:00
"With the Nuggets loss, the NBA will officially have 7 different champions in 7 years. It is the first time in NBA history where 7 different teams have won the title in a 7 year span. The previous record was 6 different champions in a 6 year span.. Dating back to 2019, the last 6 NBA championships have been won by 6 different team. With the Nuggets, Warriors, and Celtics losing in the second round, the 2025 championship will be won by a different team as well. For the first time in NBA history, there will be 7 different champions in a 7 year span: - 2019 Champion: Raptors - 2020 Champion: Lakers - 2021 Champion: Bucks - 2022 Champion: Warriors - 2023 Champion: Nuggets - 2024 Champion: Celtics - 2025 Champion: It will be the Pacers, Knicks, Timberwolves, or Thunder [Looking through all the other champions in NBA history]( there is only one instance that came close to this (6 different champions in 6 years): - 1975 Champion: Warriors - 1976 Champion: Celtics - 1977 Champion: Blazers - 1978 Champion: Bullets - 1979 Champion: Supersonics - 1980 Champion: Lakers It appears that the NBA has successfully achieved its goal of eliminating dynasties. By the metric of championships, this is the most parity that the league has had in its history.",pullpush:submission,1kpw0zj,2026-06-21T17:10:19.530648+00:00
Do you think it is good or bad that different teams will win the NBA Championship seven years in a row?,pullpush:submission,1kpw0wp,2026-06-21T17:10:19.530655+00:00
"Shai ""Fraud MVP"" Gilgeous-Alexander exits a Game 7 blowout with: 35 PTS | 3 REB | 6 AST | 0 TO on 12/19 FG | 3/4 3PT | 8/9 FT. 35 PTS 3 REB 6 AST 0 TO 12/19 FG 3/4 3PT 8/9 FT [",pullpush:submission,1kpw0a9,2026-06-21T17:10:19.530670+00:00
"Exactly 3 years and 3 days ago, the Dallas Mavericks faced the Phoenix Suns in a round 2 Game 7, where they blew the Suns out by 33 points. Today, the Oklahoma City Thunder hosted a round 2 Game 7 against the Denver Nuggets, where they blew them out by 32 points.. The Denver Nuggets have an atrocious Game 7 in Paycom Center. Just a horrible game. 22 turnovers. Shot below 40% from the field. 22% from three. Just completely outplayed The Nuggets were initially up by 5 to start the second quarter, get sent home off a 32 point loss. This game felt very reminiscent of the 2022 Game 7 2nd round matchup between the Dallas Mavericks and the Phoenix Suns. The infamous ""clutch"" CP3 game. A 33 point loss Nikola Jokic and the Denver Nuggets experience two consecutive disappointing endings to their postseason runs The most valuable player, Shai Gilgeous Alexander, will now be heading to the first WCF of his career where he will match up against the Minnesota Timberwolves [Mavericks vs. Suns (May 15, 2022) Final score 123-90]( [Nuggets vs. Thunder (May 18, 2025) Final score 93-125](",pullpush:submission,1kpw059,2026-06-21T17:10:19.530709+00:00
"3-time MVP Nikola Jokic in a Game 7 elimination game: 20-9-7 with 5 TOs on 5/9 shooting, -23 +/-. [source]( 3-time MVP Nikola Jokic in a Game 7 elimination game: 20-9-7 with 5 TOs on 5/9 shooting, -23 +/- 3-time MVP Nikola Jokic in a Game 7 elimination game: 20-9-7 with 5 TOs on 5/9 shooting, -23 +/-",pullpush:submission,1kpw01h,2026-06-21T17:10:19.530726+00:00
"Say it out loud: In a Game 7, Jokic took 9 shots in 37 minutes while being guarded by Alex Caruso",pullpush:submission,1kpvzr3,2026-06-21T17:10:19.530733+00:00
"[The Athletic] The NBA Eastern and Western Conference Finals are set. The last time each of these teams won the championship:◻️ Knicks — 1972-73◻️ Pacers — never◻️ Thunder — never◻️ Timberwolves — never. [Source]( >The NBA Eastern and Western Conference Finals are set. The last time each of these teams won the championship: ◻️ Knicks — 1972-73 ◻️ Pacers — never ◻️ Thunder — never ◻️ Timberwolves — never If you count the Supersonics history with the Thunder, they last won it in 1979.",pullpush:submission,1kpvzl9,2026-06-21T17:10:19.530761+00:00
Congrats OKC on the win 👏 Hope this painting makes some of you smile.,pullpush:submission,1kpvzjg,2026-06-21T17:10:19.530769+00:00
"[Highlight] The Oklahoma City Thunder advance to their first Western Conference Finals since 2015-16, beating the Nuggets 125-93 in Game 7",pullpush:submission,1kpvzhe,2026-06-21T17:10:19.530777+00:00
"Jokic in the G7 loss to the Thunder: 20/9/7 on 5-9 FG, 9-11 FT, 5 TO",pullpush:submission,1kpvz4a,2026-06-21T17:10:19.530783+00:00
"3-time MVP Nikola Jokic in a Game 7 elimination game: 20-9-7 with 5 TOs on 5/9 shooting, -23 +/-",pullpush:submission,1kpvyfc,2026-06-21T17:10:19.530791+00:00
NBA betting fixed. SGA LEFT IN GAME UP 30,pullpush:submission,1kpvyc3,2026-06-21T17:10:19.530796+00:00
Jokic in game 7 : 20/9/7 on 5/9 shooting and 5 TO. -23,pullpush:submission,1kpvxx1,2026-06-21T17:10:19.530802+00:00
Shai Gilgeous-Alexander since this moment: 31/5/6 on 56/37/82 (66 TS%),pullpush:submission,1kpvxiq,2026-06-21T17:10:19.530807+00:00
[Uthayakumar] The era of parity in the NBA: - 7 different champions in 7 seasons for the first time ever - a reigning champion hasn't made it past the second round since 2019 - two 60-win teams were second round exits for the first time since 2007,pullpush:submission,1kpvx19,2026-06-21T17:10:19.530824+00:00
Jokic is still the best player in the world,pullpush:submission,1kpvvov,2026-06-21T17:10:19.530836+00:00
Was ratio’d 1 (which was my friend) to 17 after saying OKC was beating Denver,pullpush:submission,1kpvvjh,2026-06-21T17:10:19.530848+00:00
Shai Gilgeous-Alexander since this moment: 31/5/6 on 56/37/82 on 66 TS% (4 games),pullpush:submission,1kpvvgn,2026-06-21T17:10:19.530855+00:00
"Chet Holmgren shoutout at the end of Shai Gilgeous-Alexander postgame interview: ""He is the MVP""",pullpush:submission,1kpvub7,2026-06-21T17:10:19.530915+00:00
"Nikola “has no help” Jokic in a blowout Game 7 loss, 20 pts, 9 rebs, 7 assists, 5 turnovers, 3 fouls. 5-9 FG, 1-2 3P, 9-11 FT. +/- -23.",pullpush:submission,1kpvs99,2026-06-21T17:10:19.530985+00:00
OKCS 32pt win over the Nuggets in game 7 is the 7th 10 largest margin of victory in a game 7 in he history of the NBA playoffs.,pullpush:submission,1kpvs0z,2026-06-21T17:10:19.531028+00:00
"Russell Westbrook in game 7: 6 points on 2-7 shooting, 5 boards, 2 assists, 4 turnovers and a game worst -34",pullpush:submission,1kpvrlk,2026-06-21T17:10:19.531064+00:00
"[Highlight] The Thunder fans start singing the chorus from the song ""Na Na Hey Hey Kiss Him Goodbye"", singing ""Na-na-na-na, hey, hey, hey, goodbye Na-na-na-na, na-na-na-na, hey, hey, hey, goodbye"", at the end of game 7.",pullpush:submission,1kpvqpi,2026-06-21T17:10:19.531165+00:00
OKCs 32pt win over the Nuggets in game 7 is the 7th 10 largest margin of victory in a game 7 in the history of the NBA playoffs.,pullpush:submission,1kpvqdh,2026-06-21T17:10:19.531206+00:00
[Highlight] Shai Gilgeous-Alexander smiling walking off the court after OKC lost game 3,pullpush:submission,1kpvqb8,2026-06-21T17:10:19.531212+00:00
"THE DENVER NUGGETS HAVE BEEN ELIMINATED FROM CHAMPIONSHIP CONTENTION. The Nuggets ran out of gas in game 7 against the Thunder, ending a tumultuous season. With a thin roster around Nikola Jokic, Jamal Murray, and Aaron Gordon and new leadership coming in the Front Office &amp; on the bench, Denver has a busy offseason ahead. Fade 'em.",pullpush:submission,1kpvq2g,2026-06-21T17:10:19.531225+00:00
"Scott Foster was only in 2 games this series, and OKC won both by 40-point blowouts.",pullpush:submission,1kpvppd,2026-06-21T17:10:19.531300+00:00
"Shai ""Fraud MVP"" Gilgeous-Alexander exits a Game 7 blowout with: 35 PTS | 3 REB | 6 AST | 0 TO on 12/19 FG | 3/4 3PT | 8/9 FT",pullpush:submission,1kpvoqg,2026-06-21T17:10:19.531313+00:00
[Highlight] The ABC broadcast focuses on the Nuggets bench.,pullpush:submission,1kpvnot,2026-06-21T17:10:19.531326+00:00
[Highlight] Isaiah Joe with the 3-pointer to beat the shot clock,pullpush:submission,1kpvnjh,2026-06-21T17:10:19.531331+00:00
"Nikola ""has no help"" Jokic in a blowout Game 7 loss: 20 pts, 9 rebounds, 7 assists, 5 turnovers, 3 fouls. 5-9 FG, 1-2 3P, 9-11 FT. +/- -23",pullpush:submission,1kpvk26,2026-06-21T17:10:19.531341+00:00
[Stein] Essentially official now: The NBA will have a seventh different champion in a span of seven seasons for the first time in league history.. 2019: Toronto Raptors 2020: Los Angeles Lakers 2021: Milwaukee Bucks 2022: Golden State Warriors 2023: Denver Nuggets 2024: Boston Celtics 2025: TBD,pullpush:submission,1kpvjo8,2026-06-21T17:10:19.531352+00:00
